{
    "y3_true": -7.9, 
    "h_disp": 480.0, 
    "y1_true": 11.6, 
    "y2_true": 0.5, 
    "w_true_bottom": 19.5, 
    "x_pers": 3.6, 
    "theta_start": 0.2044185871208005, 
    "theta_camera": 40.61688568132323, 
    "w_disp": 640.0, 
    "y_start": -7.980882760006651, 
    "z": 22.667611653558453
}