{
    "y3_true": -9.2, 
    "h_disp": 480.0, 
    "y1_true": 10.7, 
    "y2_true": -0.7, 
    "w_true_bottom": 19.0, 
    "x_pers": 3.0, 
    "theta_start": 0.27721796158565304, 
    "theta_camera": 41.51149696863369, 
    "w_disp": 640.0, 
    "y_start": -9.308312859366513, 
    "z": 22.38693147908666
}